80278591	10	0	"GAC G"	"0 0"	"G GAC"	""
52134431	10	1	"C C"	"0 0"	"G C"	""
3729558	10	2	"T T"	"0 0"	"C T"	""
52349171	10	3	"CCTGG CCT"	"C CCTGG"	"0 0"	""
80278592	10	4	"AG"	"0 0"	"A A"	""
35481805	10	5	"C C"	"T C"	"0 0"	"T T"
2365062	10	6	"T C"	"0 0"	"C C"	"T T"
2380802	10	7	"A A"	"G A"	"G G"	"0 0"
2473215	10	8	"T T"	"C C"	"T C"	"0 0"
2502714	10	9	"C C"	"T T"	"T C"	"0 0"
2576943	10	10	"G G"	"A G"	"A A"	"0 0"
35481884	10	11	"C C"	"T C"	"0 0"	"T T"
35481888	10	12	"G G"	"A G"	"A A"	"0 0"
2672575	10	13	"C C"	"T C"	"T T"	"0 0"
35481893	10	14	"C C"	"T C"	"0 0"	"T T"
2795269	10	15	"T C"	"C C"	"T T"	"0 0"
2822119	10	16	"A A"	"0 0"	"G A"	"G G"
2822226	10	17	"G G"	"C G"	"C C"	"0 0"
2827432	10	18	"C C"	"T C"	"T T"	"0 0"
2830446	10	19	"C T"	"T T"	"C C"	"0 0"
35481908	10	20	"C C"	"G C"	"0 0"	"G G"
35481912	10	21	"A A"	"0 0"	"G A"	"G G"
2844001	10	22	"A A"	"C C"	"A C"	"0 0"
2844648	10	23	"A A"	"0 0"	"G A"	"G G"
2860986	10	24	"G G"	"A G"	"A A"	"0 0"
35481924	10	25	"A A"	"G A"	"0 0"	"G G"
2866531	10	26	"C T"	"T T"	"C C"	"0 0"
35481925	10	27	"C C"	"T C"	"0 0"	"T T"
2883324	10	28	"G A"	"A A"	"G G"	"0 0"
2896671	10	29	"G G"	"A G"	"0 0"	"A A"
2898708	10	30	"A A"	"G A"	"0 0"	"G G"
2915830	10	31	"G G"	"0 0"	"A G"	""
2916558	10	32	"G G"	"A G"	"0 0"	"A A"
2918558	10	33	"A A"	"C C"	"C A"	"0 0"
2921542	10	34	"G A"	"A A"	"0 0"	"G G"
2927039	10	35	"C C"	"A C"	"0 0"	"A A"
2933221	10	36	"T T"	"C T"	"0 0"	"C C"
2946524	10	37	"C C"	"T C"	"0 0"	"T T"
2962294	10	38	"A A"	"G A"	"0 0"	"G G"
2967843	10	39	"T T"	"C T"	"C C"	"0 0"
35481974	10	40	"C C"	"T C"	"0 0"	"T T"
35481976	10	41	"A A"	"G A"	"G G"	"0 0"
2985499	10	42	"T T"	"C T"	"0 0"	"C C"
2988840	10	43	"G A"	"G G"	"A A"	"0 0"
35481991	10	44	"G G"	"A G"	"A A"	"0 0"
3019253	10	45	"G G"	"A G"	"0 0"	"A A"
3022187	10	46	"G G"	"A G"	"A A"	"0 0"
3026562	10	47	"A A"	"C A"	"0 0"	"C C"
3029305	10	48	"T T"	"G T"	"0 0"	"G G"
3050002	10	49	"C C"	"T C"	"0 0"	"T T"
3063850	10	50	"C C"	"T C"	"T T"	"0 0"
3066234	10	51	"C C"	"G C"	"G G"	"0 0"
35482023	10	52	"C C"	"A C"	"0 0"	"A A"
3070991	10	53	"C C"	"A C"	"0 0"	"A A"
3077183	10	54	"T T"	"C T"	"C C"	"0 0"
3080248	10	55	"C C"	"A C"	"A A"	"0 0"
3081731	10	56	"T T"	"C T"	"0 0"	"C C"
3081792	10	57	"A A"	"G A"	"0 0"	"G G"
3082733	10	58	"G A"	"A A"	"G G"	"0 0"
3083659	10	59	"G G"	"A G"	"A A"	"0 0"
3087619	10	60	"G G"	"A G"	"0 0"	"A A"
3090179	10	61	"G G"	"A G"	"0 0"	"A A"
3095014	10	62	"G G"	"A G"	"0 0"	"A A"
3105456	10	63	"C C"	"G C"	"G G"	"0 0"
3109997	10	64	"G G"	"0 0"	"A G"	"A A"
3119827	10	65	"C C"	"0 0"	"T C"	"T T"
3125864	10	66	"G G"	"A G"	"A A"	"0 0"
35482063	10	67	"C C"	"T C"	"T T"	"0 0"
89014745	10	68	"0 0"	"C C"	"T C"	""
3135832	10	69	"A A"	"0 0"	"G A"	"G G"
3136189	10	70	"T T"	"C T"	"0 0"	"C C"
35482069	10	71	"A A"	"C A"	"0 0"	"C C"
3151003	10	72	"A A"	"G A"	"G G"	"0 0"
3152352	10	73	"G G"	"A G"	"0 0"	"A A"
35482086	10	74	"T T"	"C T"	"0 0"	"C C"
52132099	10	75	"G G"	"0 0"	"A G"	""
80238407	10	76	"T T"	"0 0"	"C T"	""
3164501	10	77	"C C"	"T C"	"0 0"	""
35482099	10	78	"G G"	"A G"	"0 0"	"A A"
35482100	10	79	"G G"	"A G"	"0 0"	""
3176616	10	80	"C C"	"T C"	"0 0"	"T T"
3184120	10	81	"C C"	"T C"	"0 0"	"T T"
3184687	10	82	"G G"	"0 0"	"A G"	"A A"
3185293	10	83	"G G"	"A G"	"0 0"	"A A"
3185440	10	84	"C T"	"T T"	"C C"	"0 0"
3185686	10	85	"C C"	"T C"	"T T"	"0 0"
3185754	10	86	"G G"	"A G"	"0 0"	"A A"
3186109	10	87	"A A"	"C A"	"C C"	"0 0"
3186309	10	88	"G G"	"A G"	"0 0"	"A A"
3186379	10	89	"A A"	"G A"	"G G"	"0 0"
35482127	10	90	"T T"	"C T"	"C C"	"0 0"
3186576	10	91	"C C"	"T C"	"0 0"	"T T"
3186858	10	92	"G G"	"A G"	"0 0"	"A A"
3187001	10	93	"A A"	"G A"	"0 0"	"G G"
35482134	10	94	"G G"	"A G"	"A A"	"0 0"
3187465	10	95	"T T"	"C T"	"0 0"	"C C"
3197366	10	96	"A G"	"G G"	"0 0"	"A A"
3205247	10	97	"A A"	"G A"	"0 0"	"G G"
35482156	10	98	"G G"	"T G"	"0 0"	"T T"
3210430	10	99	"G G"	"A G"	"0 0"	"A A"
3212827	10	100	"C C"	"T C"	"0 0"	"T T"
52301732	10	101	"T T"	"0 0"	"C T"	"C C"
3219891	10	102	"C C"	"T T"	"C T"	"0 0"
3224194	10	103	"G G"	"A G"	"0 0"	"A A"
3225748	10	104	"C C"	"T T"	"C T"	"0 0"
3233790	10	105	"T T"	"C T"	"0 0"	"C C"
3249085	10	106	"G G"	"A G"	"0 0"	"A A"
3249782	10	107	"G G"	"A G"	"A A"	"0 0"
3250800	10	108	"A G"	"G G"	"A A"	"0 0"
3253559	10	109	"G G"	"A G"	"0 0"	"A A"
3254899	10	110	"G G"	"A G"	"A A"	"0 0"
3254989	10	111	"G G"	"0 0"	"A G"	""
3255581	10	112	"T T"	"C T"	"C C"	"0 0"
3257288	10	113	"G G"	"A G"	"0 0"	"A A"
3266872	10	114	"T T"	"G T"	"0 0"	"G G"
35482214	10	115	"G G"	"A G"	"A A"	"0 0"
35482217	10	116	"0 0"	"G G"	"C G"	""
3281823	10	117	"G G"	"A G"	"0 0"	"A A"
3285792	10	118	"A A"	"G A"	"G G"	"0 0"
3287400	10	119	"C C"	"T C"	"T T"	"0 0"
3304675	10	120	"C C"	"T C"	"0 0"	"T T"
3307523	10	121	"G G"	"T G"	"0 0"	"T T"
3309340	10	122	"G G"	"A G"	"0 0"	"A A"
3311279	10	123	"C C"	"T T"	"T C"	"0 0"
3323715	10	124	"G G"	"A G"	"A A"	"0 0"
3325757	10	125	"T T"	"C C"	"C T"	"0 0"
3325777	10	126	"T T"	"C T"	"C C"	"0 0"
35482271	10	127	"G G"	"C G"	"C C"	"0 0"
3334430	10	128	"G G"	"A G"	"0 0"	"A A"
3346539	10	129	"G G"	"A G"	"0 0"	"A A"
3346985	10	130	"G T"	"T T"	"G G"	"0 0"
3347375	10	131	"A A"	"C A"	"0 0"	"C C"
3349761	10	132	"C C"	"T C"	"T T"	"0 0"
35482308	10	133	"T T"	"C T"	"0 0"	"C C"
3360218	10	134	"C C"	"0 0"	"T C"	"T T"
35482310	10	135	"C C"	"T C"	"T T"	"0 0"
3365182	10	136	"C T"	"T T"	"0 0"	"C C"
3371554	10	137	"A A"	"G A"	"G G"	"0 0"
3374907	10	138	"G G"	"A A"	"A G"	"0 0"
35482339	10	139	"G G"	"0 0"	"A G"	"A A"
3388489	10	140	"T C"	"C C"	"T T"	"0 0"
3388966	10	141	"A A"	"G G"	"A G"	"0 0"
3389065	10	142	"C C"	"T C"	"T T"	"0 0"
3396882	10	143	"G G"	"A A"	"0 0"	"A G"
35482365	10	144	"C C"	"T C"	"0 0"	""
3404384	10	145	"C C"	"T C"	"T T"	"0 0"
3411832	10	146	"G G"	"A G"	"0 0"	"A A"
3413401	10	147	"G G"	"0 0"	"A G"	"A A"
3415525	10	148	"G G"	"A G"	"A A"	"0 0"
3419009	10	149	"T G"	"G G"	"T T"	"0 0"
3420901	10	150	"A A"	"0 0"	"C A"	"C C"
3428635	10	151	"G G"	"A G"	"0 0"	"A A"
3431446	10	152	"G G"	"A G"	"A A"	"0 0"
3432794	10	153	"T T"	"C T"	"C C"	"0 0"
35482412	10	154	"A A"	"G A"	"0 0"	"G G"
3434820	10	155	"C C"	"T C"	"0 0"	"T T"
3439114	10	156	"T T"	"0 0"	"C T"	"C C"
3440275	10	157	"T T"	"C T"	"0 0"	"C C"
3442747	10	158	"T C"	"C C"	"T T"	"0 0"
3447993	10	159	"A A"	"G A"	"G G"	"0 0"
3457703	10	160	"C T"	"T T"	"C C"	"0 0"
3465253	10	161	"T T"	"C T"	"C C"	"0 0"
3466417	10	162	"C C"	"A C"	"0 0"	"A A"
3469154	10	163	"0 0"	"T T"	"C T"	"C C"
3469983	10	164	"G G"	"A G"	"0 0"	"A A"
3472182	10	165	"C C"	"A A"	"A C"	"0 0"
3473125	10	166	"T T"	"C T"	"0 0"	"C C"
3475500	10	167	"G G"	"A G"	"0 0"	"A A"
3478052	10	168	"C T"	"T T"	"C C"	"0 0"
35482478	10	169	"A A"	"C A"	"C C"	"0 0"
3489988	10	170	"T T"	"C T"	"C C"	"0 0"
35482496	10	171	"G G"	"A G"	"0 0"	"A A"
3494429	10	172	"G G"	"A G"	"0 0"	"A A"
35482498	10	173	"C C"	"T C"	"0 0"	"T T"
3502996	10	174	"C C"	"T C"	"0 0"	"T T"
3504041	10	175	"C T"	"T T"	"C C"	"0 0"
3506171	10	176	"C C"	"T C"	"0 0"	""
35482515	10	177	"G G"	"A G"	"0 0"	"A A"
3509118	10	178	"G G"	"A G"	"0 0"	"A A"
3509221	10	179	"C A"	"A A"	"C C"	"0 0"
3517988	10	180	"A A"	"G A"	"0 0"	"G G"
3521292	10	181	"G G"	"C C"	"C G"	"0 0"
3521691	10	182	"C C"	"T T"	"T C"	"0 0"
3529202	10	183	"G G"	"A G"	"0 0"	"A A"
3532981	10	184	"T C"	"C C"	"T T"	"0 0"
3544010	10	185	"A A"	"G A"	"G G"	"0 0"
35482538	10	186	"C C"	"0 0"	"T C"	""
35482546	10	187	"C C"	"T C"	"0 0"	"T T"
3565874	10	188	"C C"	"T C"	"0 0"	"T T"
3590244	10	189	"G G"	"0 0"	"A G"	"A A"
3593636	10	190	"T C"	"C C"	"0 0"	""
3604456	10	191	"G G"	"C G"	"C C"	"0 0"
3605617	10	192	"G C"	"C C"	"0 0"	"G G"
35482618	10	193	"A A"	"G A"	"0 0"	"G G"
3610917	10	194	"T T"	"G G"	"G T"	"0 0"
3611204	10	195	"G G"	"A G"	"A A"	"0 0"
3611456	10	196	"G G"	"0 0"	"A G"	""
3612515	10	197	"G G"	"T G"	"0 0"	"T T"
3613138	10	198	"T G"	"T T"	"G G"	"0 0"
3615731	10	199	"0 0"	"G G"	"C G"	"C C"
3616082	10	200	"T T"	"C T"	"C C"	"0 0"
3616246	10	201	"G G"	"GA"	"0 0"	""
3616293	10	202	"C G"	"G G"	"C C"	"0 0"
3621423	10	203	"C C"	"T C"	"T T"	"0 0"
3621425	10	204	"G G"	"A G"	"A A"	"0 0"
3623162	10	205	"G G"	"T G"	"T T"	"0 0"
3623716	10	206	"G A"	"A A"	"G G"	"0 0"
3623886	10	207	"C C"	"T C"	"0 0"	"T T"
3627120	10	208	"G G"	"A G"	"0 0"	"A A"
3629467	10	209	"C C"	"T C"	"T T"	"0 0"
3630261	10	210	"A A"	"G A"	"G G"	"0 0"
3631008	10	211	"C C"	"T C"	"T T"	"0 0"
3631590	10	212	"G A"	"A A"	"0 0"	"G G"
3631998	10	213	"A C"	"C C"	"A A"	"0 0"
3633094	10	214	"C T"	"T T"	"C C"	"0 0"
3638593	10	215	"G G"	"C G"	"0 0"	"C C"
3641698	10	216	"T C"	"C C"	"0 0"	"T T"
3644420	10	217	"A G"	"G G"	"A A"	"0 0"
3644810	10	218	"G G"	"A G"	"0 0"	"A A"
3646969	10	219	"T C"	"T T"	"C C"	"0 0"
3651350	10	220	"A A"	"G A"	"G G"	"0 0"
3653086	10	221	"C C"	"T C"	"0 0"	"T T"
3654327	10	222	"G G"	"A G"	"0 0"	"A A"
3655391	10	223	"T C"	"T T"	"C C"	"0 0"
3655396	10	224	"G G"	"A G"	"0 0"	"A A"
3655558	10	225	"G G"	"A G"	"A A"	"0 0"
35482696	10	226	"C C"	"T C"	"0 0"	""
3664916	10	227	"G G"	"A G"	"A A"	"0 0"
3667757	10	228	"A A"	"C A"	"0 0"	"C C"
3668719	10	229	"A A"	"G A"	"0 0"	"G G"
3674514	10	230	"C C"	"T C"	"T T"	"0 0"
3674875	10	231	"C C"	"T C"	"T T"	"0 0"
3676946	10	232	"C C"	"T C"	"T T"	"0 0"
3677560	10	233	"G G"	"C G"	"0 0"	"C C"
3685445	10	234	"C C"	"T C"	"0 0"	"T T"
3685679	10	235	"A A"	"C A"	"C C"	"0 0"
3689652	10	236	"T T"	"G T"	"0 0"	"G G"
35482713	10	237	"C C"	"T C"	"0 0"	"T T"
35482715	10	238	"G G"	"A G"	"0 0"	"A A"
3694365	10	239	"C G"	"G G"	"C C"	"0 0"
3699180	10	240	"T T"	"C T"	"C C"	"0 0"
3699566	10	241	"C C"	"G C"	"0 0"	"G G"
3710006	10	242	"T C"	"C C"	"0 0"	"T T"
3710219	10	243	"G G"	"A G"	"0 0"	"A A"
3710520	10	244	"G G"	"A G"	"0 0"	"A A"
35482750	10	245	"C C"	"T C"	"0 0"	"T T"
3714040	10	246	"G G"	"A G"	"A A"	"0 0"
3717112	10	247	"C C"	"T C"	"0 0"	"T T"
3717720	10	248	"G G"	"A G"	"A A"	"0 0"
35482768	10	249	"C C"	"T C"	"0 0"	"T T"
3737536	10	250	"T C"	"C C"	"T T"	"0 0"
3743932	10	251	"T C"	"C C"	"T T"	"0 0"
3744091	10	252	"G G"	"0 0"	"A G"	"A A"
52134450	10	253	"T T"	"C T"	"0 0"	""
35482774	10	254	"A A"	"G A"	"0 0"	"G G"
3751767	10	255	"C C"	"T C"	"T T"	"0 0"
3762960	10	256	"C C"	"T C"	"0 0"	"T T"
3766967	10	257	"G G"	"C G"	"0 0"	"C C"
52134541	10	258	"G G"	"0 0"	"A G"	""
52349106	10	259	"T T"	"TTA T"	"0 0"	""
3768588	10	260	"G G"	"A G"	"0 0"	"A A"
35482788	10	261	"A A"	"0 0"	"C A"	"C C"
35482791	10	262	"A A"	"C A"	"0 0"	"C C"
52134551	10	263	"T T"	"C T"	"0 0"	""
3791186	10	264	"G G"	"C G"	"0 0"	"C C"
3803481	10	265	"G G"	"A G"	"0 0"	"A A"
3826184	10	266	"C C"	"T C"	"0 0"	"T T"
3844673	10	267	"T T"	"C T"	"C C"	"0 0"
3845235	10	268	"G G"	"A G"	"0 0"	"A A"
35482843	10	269	"G G"	"T G"	"0 0"	"T T"
3855116	10	270	"C C"	"A A"	"C A"	"0 0"
3863832	10	271	"G G"	"A G"	"0 0"	""
3866048	10	272	"C T"	"T T"	"C C"	"0 0"
3886517	10	273	"A G"	"G G"	"0 0"	"A A"
35482866	10	274	"T T"	"C T"	"0 0"	"C C"
3906088	10	275	"T T"	"G G"	"T G"	"0 0"
3906725	10	276	"A A"	"G A"	"0 0"	"G G"
3908924	10	277	"C C"	"T C"	"T T"	"0 0"
3911531	10	278	"T G"	"G G"	"T T"	"0 0"
3927670	10	279	"C C"	"T C"	"T T"	"0 0"
2358906	10	280	"T T"	"C T"	"C C"	"0 0"
2361145	10	281	"C C"	"T C"	"0 0"	"T T"
2362468	10	282	"A A"	"G A"	"0 0"	"G G"
2363252	10	283	"G G"	"T G"	"0 0"	"T T"
2365113	10	284	"G A"	"A A"	"G G"	"0 0"
35482905	10	285	"A A"	"G A"	"0 0"	"G G"
2367214	10	286	"T T"	"A T"	"0 0"	"A A"
2367224	10	287	"T G"	"G G"	"T T"	"0 0"
2367565	10	288	"C C"	"T C"	"0 0"	"T T"
35482910	10	289	"G G"	"A G"	"0 0"	"A A"
2380477	10	290	"C T"	"T T"	"C C"	"0 0"
2394117	10	291	"T T"	"C T"	"0 0"	"C C"
80583564	10	292	"G G"	"0 0"	"A G"	""
52128711	10	293	"G G"	"C G"	"0 0"	""
2396105	10	294	"C A"	"C C"	"A A"	"0 0"
2402303	10	295	"T C"	"C C"	"T T"	"0 0"
80583536	10	296	"G G"	"0 0"	"A G"	""
52128902	10	297	"A A"	"0 0"	"C A"	""
52128922	10	298	"G G"	"A G"	"0 0"	"A A"
2409101	10	299	"A A"	"G A"	"G G"	"0 0"
2411051	10	300	"G G"	"C C"	"C G"	"0 0"
92042600	10	301	"A A"	"0 0"	"G A"	""
2413269	10	302	"G G"	"A A"	"A G"	"0 0"
2414697	10	303	"C C"	"0 0"	"G C"	""
2415403	10	304	"T T"	"T G"	"G G"	"0 0"
92044841	10	305	"T T"	"0 0"	"C T"	""
2416602	10	306	"C C"	"T C"	"0 0"	"T T"
2418949	10	307	"C C"	"T C"	"T T"	"0 0"
35482949	10	308	"T T"	"C T"	"0 0"	"C C"
2420185	10	309	"C C"	"T T"	"T C"	"0 0"
52323940	10	310	"AG"	"0 0"	"A A"	""
80238416	10	311	"T T"	"0 0"	"C T"	""
2421372	10	312	"T C"	"C C"	"T T"	"0 0"
2434667	10	313	"A A"	"C A"	"C C"	"0 0"
2435408	10	314	"A A"	"G A"	"0 0"	"G G"
2441526	10	315	"C T"	"T T"	"C C"	"0 0"
52129257	10	316	"T T"	"0 0"	"G T"	""
52323950	10	317	"0 0"	"GA"	"G G"	""
80278595	10	318	"ATC A"	"0 0"	"A ATC"	""
2449912	10	319	"C C"	"T C"	"T T"	"0 0"
80278596	10	320	"GCA G"	"0 0"	"G GCA"	""
2455555	10	321	"C C"	"T C"	"0 0"	""
2455557	10	322	"C C"	"G C"	"0 0"	""
35482981	10	323	"C C"	"T C"	"0 0"	"T T"
2462440	10	324	"A A"	"G A"	"G G"	"0 0"
2464210	10	325	"C A"	"A A"	"C C"	"0 0"
2466746	10	326	"A A"	"G A"	"G G"	"0 0"
35482993	10	327	"C C"	"T C"	"0 0"	"T T"
2474825	10	328	"A A"	"0 0"	"G A"	"G G"
2484893	10	329	"A A"	"G A"	"0 0"	"G G"
35483005	10	330	"0 0"	"G G"	"C C"	"C G"
92044850	10	331	"G G"	"0 0"	"A G"	""
2491133	10	332	"T T"	"0 0"	"C T"	"C C"
2500361	10	333	"A G"	"G G"	"A A"	"0 0"
52129301	10	334	"C C"	"T C"	"0 0"	"T T"
2502414	10	335	"G G"	"A G"	"A A"	"0 0"
52129302	10	336	"C C"	"T C"	"0 0"	"T T"
35483021	10	337	"C C"	"T C"	"0 0"	"T T"
2517500	10	338	"C C"	"0 0"	"T C"	"T T"
2517831	10	339	"A A"	"G A"	"G G"	"0 0"
2519874	10	340	"T T"	"T C"	"C C"	"0 0"
35483038	10	341	"T T"	"C T"	"0 0"	""
2528155	10	342	"T T"	"C T"	"0 0"	"C C"
2532198	10	343	"G G"	"A G"	"0 0"	""
2535189	10	344	"C C"	"T C"	"T T"	"0 0"
2537592	10	345	"G G"	"A G"	"0 0"	"A A"
35483057	10	346	"A A"	"G A"	"G G"	"0 0"
2545833	10	347	"A A"	"G A"	"0 0"	"G G"
35483058	10	348	"T T"	"C T"	"0 0"	"C C"
35483063	10	349	"A A"	"G A"	"G G"	"0 0"
2552440	10	350	"C C"	"T C"	"T T"	"0 0"
92044857	10	351	"A A"	"0 0"	"T A"	""
2557040	10	352	"G G"	"A A"	"A G"	"0 0"
2559936	10	353	"T T"	"C C"	"T C"	"0 0"
35483067	10	354	"C C"	"T C"	"0 0"	""
2567219	10	355	"T T"	"C C"	"C T"	"0 0"
2572696	10	356	"A A"	"G A"	"0 0"	"G G"
35483082	10	357	"G G"	"C G"	"0 0"	"C C"
2583877	10	358	"C C"	"T C"	"0 0"	"T T"
2587149	10	359	"A A"	"G A"	"G G"	"0 0"
2587455	10	360	"C C"	"T C"	"T T"	"0 0"
2589712	10	361	"C T"	"C C"	"T T"	"0 0"
35483094	10	362	"C C"	"T C"	"0 0"	"T T"
35483101	10	363	"T T"	"C T"	"0 0"	"C C"
2598915	10	364	"C C"	"T C"	"T T"	"0 0"
2600981	10	365	"0 0"	"C C"	"G C"	"G G"
2604406	10	366	"C C"	"T C"	"T T"	"0 0"
35483119	10	367	"G G"	"0 0"	"A G"	"A A"
2617103	10	368	"0 0"	"G G"	"C G"	"C C"
35483123	10	369	"T T"	"0 0"	"C T"	"C C"
2621078	10	370	"C C"	"T C"	"T T"	"0 0"
2621243	10	371	"C T"	"T T"	"C C"	"0 0"
2622412	10	372	"C C"	"T C"	"T T"	"0 0"
2625122	10	373	"A A"	"G A"	"0 0"	"G G"
35483131	10	374	"G G"	"A G"	"0 0"	"A A"
35483132	10	375	"G G"	"A G"	"A A"	"0 0"
52348440	10	376	"C C"	"CAGT C"	"0 0"	"CAGT CA"
80238423	10	377	"C C"	"0 0"	"T C"	""
35483143	10	378	"G G"	"A G"	"0 0"	"A A"
2645424	10	379	"T T"	"G T"	"G G"	"0 0"
2645638	10	380	"A A"	"G A"	"0 0"	"G G"
2648693	10	381	"C C"	"G C"	"G G"	"0 0"
2649399	10	382	"A A"	"G A"	"0 0"	"G G"
35483146	10	383	"G G"	"A A"	"A G"	"0 0"
2651198	10	384	"0 0"	"G G"	"C G"	"C C"
2652156	10	385	"T T"	"C T"	"C C"	"0 0"
2656826	10	386	"C C"	"T C"	"T T"	"0 0"
2662072	10	387	"T C"	"C C"	"T T"	"0 0"
35483159	10	388	"A A"	"G A"	"0 0"	"G G"
35483174	10	389	"G G"	"A G"	"0 0"	"A A"
2666263	10	390	"G G"	"A G"	"0 0"	"A A"
35483176	10	391	"G G"	"A G"	"0 0"	"A A"
2668329	10	392	"C C"	"T C"	"T T"	"0 0"
2678548	10	393	"0 0"	"T T"	"G T"	"G G"
35483192	10	394	"C C"	"T C"	"0 0"	"T T"
2691315	10	395	"C C"	"T C"	"0 0"	"T T"
2691962	10	396	"C C"	"T C"	"0 0"	"T T"
2693714	10	397	"A G"	"G G"	"A A"	"0 0"
52130312	10	398	"C C"	"0 0"	"T C"	""
2695719	10	399	"C C"	"0 0"	"T C"	"T T"
50001597	10	400	"C C"	"T C"	"0 0"	"T T"
2701972	10	401	"G G"	"A G"	"A A"	"0 0"
2705593	10	402	"A A"	"G A"	"G G"	"0 0"
2706398	10	403	"C C"	"T C"	"T T"	"0 0"
2711112	10	404	"C C"	"T C"	"0 0"	"T T"
2714628	10	405	"0 0"	"G G"	"A G"	"A A"
35483238	10	406	"G G"	"A G"	"0 0"	"A A"
35483239	10	407	"G G"	"T G"	"0 0"	"T T"
2734638	10	408	"C C"	"0 0"	"A C"	"A A"
2735051	10	409	"A G"	"G G"	"A A"	"0 0"
35483255	10	410	"C C"	"A C"	"A A"	"0 0"
2746049	10	411	"T T"	"C T"	"C C"	"0 0"
2746702	10	412	"G G"	"A G"	"A A"	"0 0"
2747181	10	413	"C C"	"T C"	"0 0"	"T T"
2755696	10	414	"C C"	"A C"	"A A"	"0 0"
2760888	10	415	"G A"	"A A"	"G G"	"0 0"
2761172	10	416	"G G"	"A G"	"0 0"	"A A"
2764219	10	417	"C C"	"T C"	"T T"	"0 0"
2766780	10	418	"G A"	"A A"	"G G"	"0 0"
2771192	10	419	"G A"	"A A"	"G G"	"0 0"
2772800	10	420	"G G"	"A G"	"A A"	"0 0"
2774240	10	421	"G G"	"A G"	"A A"	"0 0"
2776246	10	422	"A A"	"G G"	"A G"	"0 0"
2777791	10	423	"G C"	"C C"	"G G"	"0 0"
2779449	10	424	"C C"	"T T"	"T C"	"0 0"
2780450	10	425	"A A"	"G A"	"G G"	"0 0"
2780933	10	426	"C C"	"T C"	"T T"	"0 0"
2782664	10	427	"T T"	"G T"	"0 0"	"G G"
35483294	10	428	"C C"	"0 0"	"A C"	"A A"
2785876	10	429	"C C"	"T C"	"0 0"	"T T"
2786688	10	430	"C C"	"G C"	"G G"	"0 0"
2787920	10	431	"T C"	"T T"	"C C"	"0 0"
2787974	10	432	"C C"	"A C"	"A A"	"0 0"
2797664	10	433	"C C"	"T C"	"0 0"	"T T"
2799675	10	434	"A A"	"G A"	"G G"	"0 0"
2800142	10	435	"T C"	"T T"	"C C"	"0 0"
2800998	10	436	"A A"	"G A"	"G G"	"0 0"
2801380	10	437	"T C"	"C C"	"T T"	"0 0"
2803511	10	438	"G G"	"A A"	"A G"	"0 0"
35483302	10	439	"C C"	"T C"	"0 0"	"T T"
2807466	10	440	"G G"	"0 0"	"A G"	"A A"
35483310	10	441	"C C"	"T C"	"0 0"	"T T"
35483315	10	442	"G G"	"A G"	"0 0"	"A A"
2818287	10	443	"C C"	"A C"	"A A"	"0 0"
35483320	10	444	"T T"	"C T"	"0 0"	"C C"
35483344	10	445	"0 0"	"C G"	"G G"	"C C"
35483354	10	446	"G G"	"A G"	"A A"	"0 0"
2819951	10	447	"A G"	"G G"	"A A"	"0 0"
2820087	10	448	"C T"	"T T"	"C C"	"0 0"
2820446	10	449	"C C"	"A C"	"0 0"	"A A"
2820645	10	450	"C A"	"A A"	"0 0"	"C C"
2821311	10	451	"C C"	"T C"	"T T"	"0 0"
2822720	10	452	"G A"	"G G"	"A A"	"0 0"
2822842	10	453	"T T"	"C T"	"C C"	"0 0"
2822867	10	454	"G G"	"0 0"	"A G"	"A A"
2823577	10	455	"T T"	"C T"	"C C"	"0 0"
2823647	10	456	"C C"	"A C"	"0 0"	"A A"
2823708	10	457	"G G"	"A G"	"A A"	"0 0"
2824013	10	458	"G G"	"C G"	"0 0"	"C C"
2824094	10	459	"G G"	"A G"	"0 0"	"A A"
2824203	10	460	"G G"	"0 0"	"A G"	""
2824235	10	461	"C C"	"T C"	"0 0"	""
2824317	10	462	"C T"	"T T"	"C C"	"0 0"
2824548	10	463	"C C"	"G C"	"G G"	"0 0"
2825098	10	464	"T G"	"G G"	"T T"	"0 0"
2825128	10	465	"G G"	"C G"	"0 0"	"C C"
2825373	10	466	"C C"	"T C"	"0 0"	"T T"
2825541	10	467	"G G"	"A G"	"A A"	"0 0"
2825775	10	468	"T C"	"C C"	"T T"	"0 0"
2825907	10	469	"C C"	"T C"	"T T"	"0 0"
2826214	10	470	"T T"	"G T"	"G G"	"0 0"
2826253	10	471	"C C"	"T C"	"0 0"	"T T"
2826781	10	472	"C C"	"C T"	"T T"	"0 0"
2826836	10	473	"C C"	"T C"	"0 0"	"T T"
2827218	10	474	"T C"	"C C"	"0 0"	"T T"
2828165	10	475	"A C"	"C C"	"0 0"	"A A"
2829210	10	476	"C C"	"T C"	"0 0"	"T T"
2829497	10	477	"T C"	"C C"	"0 0"	"T T"
2829519	10	478	"A A"	"C A"	"C C"	"0 0"
2829959	10	479	"G G"	"A G"	"0 0"	"A A"
2830239	10	480	"C C"	"T C"	"T T"	"0 0"
2830866	10	481	"T G"	"G G"	"0 0"	"T T"
35483468	10	482	"C C"	"0 0"	"A C"	"A A"
2831730	10	483	"A G"	"G G"	"A A"	"0 0"
35483475	10	484	"G G"	"A G"	"0 0"	"A A"
2831868	10	485	"C C"	"T C"	"0 0"	"T T"
2831943	10	486	"A G"	"G G"	"A A"	"0 0"
2831989	10	487	"T C"	"C C"	"T T"	"0 0"
35483476	10	488	"C C"	"T C"	"T T"	"0 0"
2832116	10	489	"A A"	"C A"	"0 0"	"C C"
2832186	10	490	"T C"	"C C"	"T T"	"0 0"
2832971	10	491	"G G"	"A G"	"0 0"	"A A"
2833450	10	492	"C C"	"T C"	"0 0"	"T T"
2833688	10	493	"T T"	"C T"	"C C"	"0 0"
2834035	10	494	"A A"	"G A"	"0 0"	"G G"
35483497	10	495	"A A"	"0 0"	"G A"	"G G"
2834282	10	496	"C C"	"G C"	"0 0"	"G G"
57883058	10	497	"A A"	"0 0"	"G A"	""
2836650	10	498	"A A"	"C C"	"A C"	"0 0"
2836653	10	499	"T T"	"C T"	"C C"	"0 0"
